{"train/kld_loss":0.0038934643380343914,"train/l1_loss":0.0415223203599453,"_wandb":{"runtime":2795},"train/steps":5000,"_runtime":2795.370989205,"train/epochs":65.22625356706074,"train/lr":1.0000000000000021e-05,"train/episodes":1630.6563391765185,"train/update_s":0.3756784899299964,"train/dataloading_s":0.07957792221568524,"train/loss":0.09467366218566894,"_timestamp":1.7663021465375798e+09,"train/samples":320000,"train/grad_norm":10.57979365825653,"_step":5000}